UserID,ProductID,ProductName,Brand,Category,Price,Rating,Color,Size
19,1,Dress,Adidas,Men's Fashion,40,1.043159211,Black,XL
97,2,Shoes,H&M,Women's Fashion,82,4.026416271,Black,L
25,3,Dress,Adidas,Women's Fashion,44,3.337937559,Yellow,XL
57,4,Shoes,Zara,Men's Fashion,23,1.049522956,White,S
79,5,T-shirt,Adidas,Men's Fashion,79,4.302773408,Black,M
98,6,Dress,Adidas,Men's Fashion,47,1.37956574,Yellow,L
16,7,Jeans,Gucci,Men's Fashion,37,1.356750375,White,XL
63,8,Sweater,Zara,Kids' Fashion,64,4.360303289,Blue,XL
96,9,Sweater,H&M,Men's Fashion,53,4.466181876,Green,XL
36,10,T-shirt,Zara,Kids' Fashion,55,4.093234402,White,XL
69,11,T-shirt,Adidas,Men's Fashion,51,1.160987957,Red,S
87,12,Sweater,Gucci,Kids' Fashion,91,2.699735538,Yellow,M
9,13,Jeans,Nike,Kids' Fashion,35,1.60119358,Red,M
50,14,Dress,Zara,Women's Fashion,34,2.921004204,White,L
31,15,Shoes,Zara,Men's Fashion,54,3.670412239,Yellow,M
37,16,Dress,Adidas,Women's Fashion,27,1.422716143,Blue,S
41,17,Dress,Gucci,Women's Fashion,75,1.480632132,Blue,XL
15,18,Jeans,Gucci,Women's Fashion,73,4.498244681,Red,XL
84,19,Shoes,Gucci,Women's Fashion,54,3.278340556,White,M
56,20,Dress,Gucci,Men's Fashion,53,3.785245245,Green,L
87,21,Jeans,H&M,Men's Fashion,56,2.609587353,Yellow,S
56,22,Jeans,Gucci,Women's Fashion,89,4.568632343,Green,L
60,23,Jeans,Zara,Kids' Fashion,91,4.072724797,Yellow,M
64,24,Jeans,Zara,Women's Fashion,15,2.499756274,Yellow,XL
65,25,Sweater,H&M,Kids' Fashion,38,1.020492671,Green,S
26,26,Dress,Gucci,Women's Fashion,21,4.748169005,Green,S
82,27,T-shirt,Adidas,Kids' Fashion,72,3.301743408,Red,L
87,28,Shoes,Zara,Women's Fashion,32,2.82280286,Yellow,L
98,29,Shoes,Gucci,Women's Fashion,85,4.940985221,Yellow,M
20,30,Sweater,Nike,Kids' Fashion,99,3.110113573,Green,XL
36,31,Jeans,H&M,Kids' Fashion,37,2.755187149,Blue,S
98,32,T-shirt,Nike,Kids' Fashion,78,3.44728947,White,XL
69,33,Jeans,H&M,Kids' Fashion,89,4.799409019,Green,XL
31,34,Jeans,H&M,Men's Fashion,80,3.92326116,Black,S
48,35,Jeans,Zara,Women's Fashion,37,4.173991568,Blue,L
18,36,Dress,H&M,Kids' Fashion,74,1.014996128,Green,S
27,37,Sweater,Zara,Kids' Fashion,48,4.947664783,Blue,S
60,38,T-shirt,Nike,Kids' Fashion,76,2.663067924,Yellow,S
46,39,Jeans,Adidas,Men's Fashion,90,1.788771519,Yellow,M
84,40,Dress,Zara,Women's Fashion,26,2.435611336,Black,XL
43,41,Jeans,Gucci,Women's Fashion,40,2.922173646,Blue,L
43,42,Shoes,Zara,Kids' Fashion,43,1.671958886,Red,S
91,43,T-shirt,Adidas,Men's Fashion,39,3.601868547,White,M
78,44,Jeans,Nike,Kids' Fashion,74,2.039156739,White,M
60,45,Jeans,Gucci,Women's Fashion,85,4.886711103,Red,L
44,46,Dress,Zara,Men's Fashion,38,2.827869831,Yellow,XL
93,47,Jeans,Zara,Men's Fashion,62,1.280731686,Green,S
74,48,T-shirt,Gucci,Kids' Fashion,10,1.836963966,Green,M
19,49,Sweater,Gucci,Kids' Fashion,52,3.012240786,Green,XL
98,50,T-shirt,H&M,Women's Fashion,38,3.083285933,Blue,L
51,51,Jeans,Adidas,Women's Fashion,67,3.842990023,Yellow,XL
80,52,Dress,Nike,Kids' Fashion,59,3.964195138,Red,S
39,53,T-shirt,Nike,Men's Fashion,16,1.29231997,Red,M
33,54,Shoes,H&M,Men's Fashion,33,2.450522629,Blue,S
78,55,Sweater,Adidas,Kids' Fashion,76,2.820647079,Red,S
24,56,Dress,Nike,Women's Fashion,53,2.251328487,White,XL
99,57,Sweater,Adidas,Women's Fashion,52,3.613136293,Red,M
83,58,Shoes,Adidas,Women's Fashion,61,1.684541374,White,L
38,59,Dress,Nike,Kids' Fashion,93,3.158493604,Blue,M
51,60,Shoes,H&M,Kids' Fashion,24,1.59071307,Yellow,XL
63,61,Shoes,Adidas,Women's Fashion,25,1.04240882,Yellow,M
54,62,T-shirt,Nike,Men's Fashion,66,2.063108735,Blue,L
53,63,Jeans,Zara,Kids' Fashion,55,4.026271066,White,L
50,64,Shoes,Gucci,Kids' Fashion,72,1.779210786,Red,M
6,65,Shoes,H&M,Kids' Fashion,33,3.045016003,Yellow,XL
87,66,Sweater,H&M,Kids' Fashion,59,4.55091731,Red,XL
84,67,Jeans,Gucci,Women's Fashion,41,4.251683239,Green,M
43,68,T-shirt,Gucci,Women's Fashion,76,4.30493624,Red,S
3,69,Sweater,Gucci,Women's Fashion,74,3.6666674,Yellow,M
6,70,Dress,Gucci,Women's Fashion,36,2.538600852,Yellow,M
15,71,Sweater,Adidas,Women's Fashion,35,4.864999298,White,M
94,72,T-shirt,H&M,Women's Fashion,51,2.793625807,Yellow,M
98,73,T-shirt,Gucci,Men's Fashion,34,2.923982057,Red,M
6,74,Dress,Zara,Women's Fashion,68,2.880808188,White,XL
42,75,Dress,H&M,Women's Fashion,86,2.8894437,Blue,S
54,76,Jeans,Adidas,Women's Fashion,39,2.974139315,Black,XL
37,77,Sweater,H&M,Kids' Fashion,90,2.228263165,Blue,L
9,78,T-shirt,Nike,Men's Fashion,76,1.297257193,White,XL
26,79,T-shirt,Nike,Men's Fashion,11,1.333422087,Red,L
71,80,Jeans,Nike,Kids' Fashion,21,2.93805629,Red,XL
72,81,T-shirt,Nike,Women's Fashion,66,2.403440002,Green,S
100,82,Dress,H&M,Kids' Fashion,31,4.612706003,Blue,S
69,83,Shoes,Nike,Women's Fashion,49,1.421790367,Blue,L
19,84,Sweater,Adidas,Women's Fashion,42,2.560174045,Red,L
84,85,Shoes,Nike,Women's Fashion,89,1.107632847,Yellow,XL
4,86,Sweater,Zara,Men's Fashion,50,3.276221603,Yellow,M
21,87,Shoes,Nike,Men's Fashion,41,4.126941614,Red,S
85,88,Dress,Nike,Kids' Fashion,61,2.557892132,White,L
10,89,Dress,Gucci,Men's Fashion,66,3.896436962,White,L
2,90,Jeans,H&M,Men's Fashion,37,3.961592463,Red,XL
90,91,Jeans,H&M,Kids' Fashion,85,3.052555822,Green,XL
6,92,Jeans,Adidas,Men's Fashion,100,1.845071304,White,M
33,93,Shoes,Nike,Men's Fashion,70,4.928128215,White,S
12,94,Shoes,Zara,Women's Fashion,21,3.941875648,Yellow,XL
62,95,Shoes,Gucci,Women's Fashion,58,1.971525135,Blue,S
22,96,Dress,Gucci,Women's Fashion,30,4.65525163,Red,L
18,97,Jeans,Gucci,Men's Fashion,52,3.761890551,Green,L
44,98,Sweater,Gucci,Kids' Fashion,61,4.277089916,Black,XL
25,99,Shoes,Nike,Kids' Fashion,93,4.280090725,Yellow,L
79,100,Shoes,Adidas,Kids' Fashion,84,1.837199422,Red,L
52,101,Jeans,Zara,Women's Fashion,95,1.501754271,Green,XL
71,102,Sweater,Gucci,Kids' Fashion,19,4.211889573,Red,S
57,103,Jeans,Zara,Women's Fashion,84,3.649170715,White,XL
64,104,Jeans,H&M,Men's Fashion,24,4.737257325,White,M
35,105,Jeans,Zara,Women's Fashion,52,1.75093116,Yellow,L
63,106,Jeans,H&M,Kids' Fashion,21,2.726230341,Red,L
19,107,Sweater,Zara,Men's Fashion,23,3.321346928,Red,L
80,108,Sweater,Gucci,Men's Fashion,13,4.278042968,Green,L
77,109,Jeans,Nike,Kids' Fashion,73,2.727659601,Black,XL
22,110,Sweater,Gucci,Women's Fashion,33,4.665058099,Blue,XL
99,111,Shoes,Zara,Women's Fashion,55,2.393684591,Green,M
92,112,Jeans,Adidas,Men's Fashion,15,2.44626948,White,S
97,113,T-shirt,Zara,Men's Fashion,60,1.188491798,White,L
48,114,Shoes,H&M,Men's Fashion,37,1.457139594,Red,M
37,115,Dress,Adidas,Kids' Fashion,64,2.887806601,Blue,L
77,116,Shoes,Adidas,Women's Fashion,60,3.114797145,Green,M
52,117,Dress,Zara,Kids' Fashion,75,3.992174604,White,M
63,118,Dress,Adidas,Men's Fashion,71,3.517315773,Yellow,S
10,119,Jeans,Nike,Men's Fashion,73,2.657925071,Yellow,S
77,120,T-shirt,H&M,Men's Fashion,12,2.507310693,Green,M
95,121,T-shirt,Gucci,Men's Fashion,96,1.633989597,Red,M
90,122,Sweater,H&M,Women's Fashion,36,4.425129582,Blue,XL
80,123,Sweater,Nike,Women's Fashion,65,2.647393415,Yellow,L
65,124,Sweater,H&M,Men's Fashion,62,1.09081315,Black,L
56,125,Sweater,H&M,Kids' Fashion,56,4.139373023,Green,L
65,126,T-shirt,Nike,Kids' Fashion,55,4.851703509,Green,M
7,127,Shoes,Zara,Women's Fashion,47,4.86740353,Yellow,M
100,128,T-shirt,H&M,Women's Fashion,61,2.310493963,Green,M
70,129,T-shirt,Zara,Women's Fashion,85,2.104322007,Yellow,M
40,130,Shoes,Nike,Women's Fashion,81,1.021972485,Green,M
70,131,T-shirt,H&M,Men's Fashion,50,3.377493367,Blue,M
100,132,Sweater,Adidas,Women's Fashion,10,2.997701328,White,M
29,133,Shoes,H&M,Kids' Fashion,28,1.664542402,Blue,XL
23,134,Sweater,Zara,Women's Fashion,60,3.63365153,Yellow,S
94,135,Dress,Adidas,Kids' Fashion,14,3.654703013,Blue,L
34,136,Shoes,Zara,Men's Fashion,45,1.017654743,Blue,XL
44,137,Dress,Gucci,Kids' Fashion,90,3.320508609,Green,S
16,138,Dress,H&M,Women's Fashion,23,1.811578261,Yellow,S
73,139,Sweater,Gucci,Women's Fashion,45,3.540081867,Blue,XL
54,140,Shoes,Zara,Kids' Fashion,40,2.022643003,Green,M
58,141,Jeans,Nike,Women's Fashion,28,4.441575548,Yellow,L
46,142,Shoes,Nike,Men's Fashion,38,4.403932394,White,XL
88,143,Shoes,Gucci,Women's Fashion,81,4.922934883,White,L
75,144,Shoes,Adidas,Kids' Fashion,57,1.000967235,Blue,M
34,145,T-shirt,Zara,Kids' Fashion,60,4.821956689,Green,S
75,146,Shoes,Adidas,Women's Fashion,53,3.466387981,Yellow,M
54,147,Shoes,Gucci,Kids' Fashion,48,2.582393026,Green,L
39,148,Shoes,Adidas,Women's Fashion,82,2.716311659,Black,L
95,149,Jeans,Adidas,Women's Fashion,56,4.001270462,Green,M
67,150,T-shirt,Nike,Women's Fashion,43,1.197330723,Green,M
5,151,Shoes,Adidas,Men's Fashion,77,2.35206414,Blue,M
31,152,Jeans,Nike,Men's Fashion,71,4.815682355,Green,S
2,153,Shoes,Nike,Kids' Fashion,31,1.946292676,Black,S
51,154,Dress,Zara,Men's Fashion,11,2.301224631,Blue,L
91,155,T-shirt,Gucci,Women's Fashion,48,2.433795362,White,L
92,156,T-shirt,Adidas,Women's Fashion,21,1.154187364,Red,L
39,157,Dress,Adidas,Women's Fashion,67,3.981751298,Yellow,S
99,158,Shoes,Adidas,Men's Fashion,88,2.923330927,Blue,M
10,159,Jeans,Nike,Kids' Fashion,50,2.241727301,Green,S
46,160,Shoes,Gucci,Women's Fashion,35,2.983802721,Black,L
80,161,Sweater,Adidas,Women's Fashion,67,4.735471557,Blue,M
40,162,T-shirt,Nike,Women's Fashion,48,2.98164149,Red,L
18,163,Dress,Nike,Women's Fashion,93,4.268027667,Green,S
16,164,T-shirt,Nike,Men's Fashion,68,2.636594899,Red,L
34,165,Jeans,Gucci,Women's Fashion,67,2.275472954,White,XL
100,166,Sweater,Adidas,Kids' Fashion,96,4.743823985,White,L
92,167,Shoes,Zara,Kids' Fashion,43,4.47806137,Blue,S
54,168,Sweater,Gucci,Women's Fashion,69,4.456580599,Green,XL
62,169,Shoes,Zara,Men's Fashion,98,1.089462325,Black,XL
50,170,Sweater,Gucci,Men's Fashion,20,3.465192594,Yellow,M
24,171,Jeans,Nike,Men's Fashion,42,1.767866521,Blue,S
13,172,Jeans,Zara,Women's Fashion,32,4.795455839,Yellow,M
98,173,Dress,Nike,Kids' Fashion,21,3.101798554,Yellow,S
82,174,Jeans,Adidas,Kids' Fashion,80,3.334538872,Black,M
48,175,Dress,Adidas,Men's Fashion,55,1.913270934,Blue,S
59,176,Dress,H&M,Kids' Fashion,91,1.998148132,Red,XL
56,177,Sweater,Nike,Kids' Fashion,12,4.567658317,Yellow,M
93,178,Jeans,Nike,Women's Fashion,26,1.687869595,Red,XL
54,179,Shoes,Adidas,Kids' Fashion,53,1.02832306,Blue,M
61,180,T-shirt,Zara,Kids' Fashion,43,2.366447234,Green,M
74,181,Shoes,H&M,Kids' Fashion,80,4.829054628,Black,L
39,182,Jeans,Zara,Men's Fashion,68,4.358912645,Yellow,L
20,183,Jeans,Zara,Kids' Fashion,67,2.675231958,Black,M
67,184,Sweater,Zara,Women's Fashion,67,3.448527594,Green,L
38,185,Sweater,Gucci,Men's Fashion,34,1.565354209,Yellow,L
16,186,Jeans,Adidas,Men's Fashion,56,2.434972507,Blue,L
81,187,Jeans,Zara,Women's Fashion,36,3.043009203,Green,S
33,188,Shoes,Nike,Men's Fashion,44,4.359929899,Green,XL
55,189,Jeans,Adidas,Women's Fashion,15,3.466920439,Blue,L
38,190,Sweater,Zara,Kids' Fashion,32,4.033069074,Yellow,XL
48,191,T-shirt,Gucci,Kids' Fashion,95,3.230677667,Black,M
35,192,Sweater,Zara,Kids' Fashion,87,3.961569667,White,L
8,193,T-shirt,H&M,Women's Fashion,60,2.936956139,White,L
56,194,Sweater,Adidas,Women's Fashion,92,3.792556244,White,S
32,195,Shoes,Zara,Kids' Fashion,60,3.344866684,White,L
72,196,Jeans,Gucci,Kids' Fashion,17,1.289426342,Red,M
48,197,Jeans,Nike,Kids' Fashion,90,2.299034126,Yellow,XL
3,198,T-shirt,Zara,Men's Fashion,67,3.032124841,Blue,XL
39,199,T-shirt,Zara,Women's Fashion,15,4.980655634,Black,M
75,200,Sweater,H&M,Men's Fashion,45,4.124427218,Black,S
21,201,Jeans,Zara,Women's Fashion,57,4.246084617,Yellow,M
84,202,Sweater,Nike,Men's Fashion,40,3.495501605,Green,S
53,203,Jeans,Zara,Women's Fashion,75,1.876204845,Yellow,S
3,204,T-shirt,Zara,Kids' Fashion,81,1.89324317,Black,M
41,205,T-shirt,H&M,Men's Fashion,73,2.976563105,Yellow,XL
64,206,Jeans,Nike,Kids' Fashion,56,4.360464131,Yellow,XL
30,207,Sweater,Gucci,Kids' Fashion,53,2.789540795,Black,M
9,208,Jeans,Zara,Men's Fashion,79,2.671151972,White,M
88,209,Dress,H&M,Women's Fashion,30,1.028669878,Black,XL
36,210,Jeans,Adidas,Women's Fashion,42,2.049039595,Yellow,M
6,211,Jeans,Zara,Women's Fashion,50,3.173827063,Green,L
24,212,T-shirt,Adidas,Women's Fashion,71,3.439552435,White,S
76,213,Jeans,Zara,Women's Fashion,80,4.860237045,Yellow,XL
59,214,Dress,Adidas,Women's Fashion,98,1.793905201,Yellow,XL
49,215,T-shirt,Adidas,Men's Fashion,49,3.623237714,Yellow,S
87,216,Shoes,Gucci,Kids' Fashion,57,3.882450495,White,M
7,217,Sweater,Gucci,Women's Fashion,98,1.438125731,Yellow,S
94,218,Sweater,Gucci,Men's Fashion,69,3.077033066,Red,M
78,219,Dress,H&M,Women's Fashion,97,1.968835967,Green,S
35,220,T-shirt,H&M,Kids' Fashion,42,4.505382327,Blue,L
68,221,T-shirt,Adidas,Men's Fashion,49,2.859178546,Black,L
77,222,Dress,Adidas,Kids' Fashion,36,1.105318739,Yellow,S
33,223,Jeans,Gucci,Women's Fashion,73,2.970808688,White,XL
48,224,T-shirt,Adidas,Women's Fashion,88,1.748627957,White,L
46,225,Dress,Nike,Men's Fashion,61,1.635194216,Yellow,S
6,226,Sweater,H&M,Men's Fashion,16,2.431736482,Green,XL
44,227,Dress,Adidas,Kids' Fashion,20,4.144274439,Red,S
66,228,Shoes,H&M,Men's Fashion,15,1.967415572,Green,S
81,229,Shoes,Adidas,Kids' Fashion,65,1.823312905,Red,XL
96,230,Shoes,Zara,Men's Fashion,82,4.592905504,Black,S
92,231,Dress,Zara,Women's Fashion,33,4.738404628,Red,L
93,232,Jeans,Zara,Men's Fashion,49,1.4143585,Red,S
79,233,Shoes,Nike,Kids' Fashion,39,4.706320333,Red,M
64,234,Sweater,H&M,Kids' Fashion,55,1.699052197,White,S
61,235,Shoes,Zara,Women's Fashion,50,1.814530127,Green,L
40,236,Shoes,Zara,Men's Fashion,44,1.718297859,White,S
68,237,Shoes,Adidas,Men's Fashion,58,3.662010629,White,S
10,238,Shoes,Adidas,Kids' Fashion,47,2.146848906,White,XL
33,239,Shoes,Gucci,Kids' Fashion,93,3.956210591,White,L
27,240,Dress,H&M,Men's Fashion,10,2.234526853,Black,L
55,241,Jeans,Gucci,Men's Fashion,21,2.404954172,Green,S
72,242,Dress,H&M,Men's Fashion,52,4.128792274,Green,M
88,243,Shoes,H&M,Men's Fashion,79,1.05931859,White,XL
77,244,Sweater,Zara,Women's Fashion,85,3.4746219,Blue,XL
27,245,Dress,H&M,Women's Fashion,15,2.33366971,Black,S
89,246,Jeans,Gucci,Kids' Fashion,68,3.184283802,Green,S
32,247,Shoes,Zara,Women's Fashion,72,2.260192199,White,S
83,248,Sweater,Zara,Kids' Fashion,81,3.616173283,Red,M
34,249,Jeans,H&M,Kids' Fashion,41,1.875618714,Black,XL
68,250,Dress,H&M,Women's Fashion,21,2.772521447,Yellow,XL
46,251,Jeans,Gucci,Kids' Fashion,87,2.193283427,White,L
43,252,Dress,H&M,Men's Fashion,25,1.659000335,Blue,L
65,253,T-shirt,Zara,Kids' Fashion,98,4.236829853,White,M
20,254,Jeans,Gucci,Kids' Fashion,15,1.393034744,Yellow,L
74,255,T-shirt,H&M,Kids' Fashion,81,2.550519354,Green,M
33,256,Jeans,Gucci,Kids' Fashion,86,2.059769414,Blue,L
38,257,Shoes,Nike,Women's Fashion,82,3.481409233,Red,S
86,258,Dress,Gucci,Women's Fashion,14,3.563482806,Yellow,S
44,259,Shoes,Nike,Men's Fashion,27,2.504419165,White,L
34,260,Dress,Adidas,Kids' Fashion,59,4.154888892,Green,S
50,261,Dress,Zara,Men's Fashion,49,2.981081581,Yellow,S
68,262,Jeans,Gucci,Women's Fashion,94,4.28858144,Blue,S
5,263,Jeans,Zara,Men's Fashion,71,4.053594853,Yellow,XL
46,264,Dress,Gucci,Women's Fashion,55,3.190616884,White,XL
8,265,T-shirt,H&M,Kids' Fashion,60,2.746730355,Blue,XL
51,266,Jeans,Gucci,Kids' Fashion,62,2.367762561,White,XL
25,267,Jeans,Adidas,Women's Fashion,53,4.441337119,Black,S
32,268,Jeans,Adidas,Kids' Fashion,22,3.939581932,Yellow,L
34,269,Shoes,H&M,Kids' Fashion,100,4.743391172,Black,S
3,270,Sweater,Adidas,Kids' Fashion,60,4.213088307,Blue,XL
76,271,Jeans,Nike,Men's Fashion,45,4.075216259,Blue,L
43,272,Dress,Nike,Kids' Fashion,95,2.311251113,White,M
4,273,Dress,Nike,Men's Fashion,29,1.764609254,White,XL
77,274,Dress,Adidas,Women's Fashion,18,1.657266961,Red,S
58,275,Jeans,Nike,Men's Fashion,93,3.809488549,Green,XL
73,276,Jeans,Nike,Men's Fashion,43,1.393377273,Yellow,M
50,277,Dress,H&M,Kids' Fashion,49,1.889881364,White,M
4,278,Jeans,Gucci,Men's Fashion,98,2.958504997,Black,L
3,279,Shoes,Adidas,Kids' Fashion,11,2.191241877,Yellow,M
31,280,Dress,Gucci,Kids' Fashion,19,2.129731799,White,XL
30,281,Jeans,H&M,Women's Fashion,67,2.256525934,Green,S
18,282,Jeans,Nike,Men's Fashion,75,1.266590167,Black,M
95,283,Sweater,H&M,Men's Fashion,80,4.17982815,White,S
78,284,T-shirt,Zara,Men's Fashion,23,3.814152154,Black,S
49,285,Sweater,Nike,Women's Fashion,80,3.70418879,Yellow,L
69,286,T-shirt,H&M,Kids' Fashion,13,3.236064278,White,XL
71,287,T-shirt,Zara,Kids' Fashion,62,4.537102679,Blue,XL
13,288,Sweater,Nike,Men's Fashion,38,2.108827714,Black,M
88,289,Sweater,Adidas,Kids' Fashion,18,2.805553334,Blue,M
38,290,Sweater,Zara,Men's Fashion,13,4.883941462,White,S
3,291,Dress,H&M,Women's Fashion,64,4.818010098,White,XL
91,292,T-shirt,Nike,Men's Fashion,63,3.075503826,Green,S
9,293,Sweater,Nike,Men's Fashion,96,2.769660905,Black,XL
4,294,Dress,H&M,Women's Fashion,89,4.092572015,White,XL
39,295,Dress,H&M,Kids' Fashion,56,2.424542625,Black,XL
99,296,T-shirt,H&M,Women's Fashion,25,4.100230323,White,S
30,297,Sweater,Gucci,Kids' Fashion,14,1.877989508,Blue,XL
4,298,Shoes,Zara,Women's Fashion,14,1.416317141,Red,M
69,299,Shoes,Gucci,Kids' Fashion,21,2.954602656,Green,S
3,300,Shoes,Adidas,Kids' Fashion,57,4.923508936,White,S
66,301,Shoes,Adidas,Kids' Fashion,93,2.044992494,Yellow,M
49,302,T-shirt,Gucci,Kids' Fashion,37,4.903871566,White,M
11,303,Jeans,Gucci,Women's Fashion,94,3.685862143,White,XL
7,304,Dress,Adidas,Women's Fashion,85,1.300398563,Green,M
26,305,Shoes,H&M,Women's Fashion,90,2.330814132,White,L
73,306,T-shirt,Gucci,Men's Fashion,23,2.800679753,Black,XL
62,307,Dress,Zara,Men's Fashion,11,3.889022253,Yellow,S
42,308,Jeans,Adidas,Men's Fashion,60,4.42216008,Yellow,S
37,309,Jeans,Gucci,Kids' Fashion,17,3.754996802,Black,S
61,310,Jeans,H&M,Men's Fashion,83,3.945481349,White,XL
55,311,Jeans,Nike,Men's Fashion,55,4.803390239,Black,L
41,312,Jeans,Zara,Men's Fashion,45,2.927937578,White,S
97,313,Shoes,H&M,Women's Fashion,76,4.512074442,Green,XL
13,314,Jeans,Nike,Kids' Fashion,94,2.062362221,Red,L
90,315,Jeans,Nike,Kids' Fashion,56,1.21795546,White,XL
34,316,Jeans,H&M,Women's Fashion,68,2.098501017,Red,S
55,317,Dress,Adidas,Women's Fashion,23,4.395249785,Red,XL
88,318,Sweater,Zara,Men's Fashion,49,1.15586985,Yellow,S
39,319,Jeans,H&M,Men's Fashion,61,1.231913046,White,L
25,320,Sweater,H&M,Kids' Fashion,86,3.146928023,Yellow,L
34,321,Shoes,Gucci,Kids' Fashion,40,4.452209683,Red,S
58,322,Shoes,H&M,Kids' Fashion,18,1.707225428,Red,M
30,323,Shoes,Zara,Women's Fashion,95,2.326168452,Green,M
3,324,Sweater,Gucci,Men's Fashion,18,4.530634427,Black,XL
67,325,T-shirt,Nike,Men's Fashion,91,2.668089208,Black,XL
7,326,Jeans,Zara,Men's Fashion,20,3.313869752,Green,L
95,327,Dress,Adidas,Kids' Fashion,72,4.572943413,White,L
34,328,Jeans,Adidas,Kids' Fashion,12,1.295316214,Blue,L
49,329,Jeans,Nike,Women's Fashion,56,3.73603013,Blue,XL
15,330,T-shirt,Zara,Men's Fashion,26,2.137827815,Blue,M
61,331,T-shirt,Adidas,Kids' Fashion,25,3.272901426,Black,S
25,332,Shoes,Zara,Men's Fashion,75,3.149412946,Blue,M
60,333,Dress,H&M,Kids' Fashion,70,2.042428987,Yellow,M
80,334,Sweater,Zara,Men's Fashion,16,1.855252274,Yellow,L
25,335,Sweater,Gucci,Men's Fashion,88,3.396661563,Red,XL
71,336,T-shirt,Nike,Kids' Fashion,28,4.169716343,White,XL
1,337,Shoes,Nike,Women's Fashion,80,1.591559598,White,L
22,338,Sweater,Nike,Women's Fashion,70,1.444198704,Blue,S
46,339,Dress,Gucci,Women's Fashion,74,1.804017418,White,M
52,340,Sweater,Adidas,Women's Fashion,32,1.246471514,Blue,L
27,341,Jeans,Gucci,Men's Fashion,91,4.473672898,Red,XL
69,342,Sweater,Zara,Women's Fashion,27,3.979717427,Yellow,S
29,343,T-shirt,Gucci,Women's Fashion,91,4.74202906,Yellow,XL
42,344,Dress,Nike,Kids' Fashion,44,3.873916155,Blue,L
97,345,Shoes,H&M,Kids' Fashion,67,1.420409071,Yellow,S
62,346,Jeans,Adidas,Kids' Fashion,19,4.829417307,Yellow,XL
76,347,Dress,H&M,Men's Fashion,18,1.110510848,Blue,XL
52,348,Shoes,Zara,Kids' Fashion,76,2.915742059,Blue,XL
36,349,Dress,Adidas,Kids' Fashion,97,3.150290196,White,XL
50,350,Jeans,H&M,Kids' Fashion,80,2.797018296,Black,XL
52,351,Jeans,Nike,Women's Fashion,95,4.471219775,Red,XL
41,352,Dress,H&M,Men's Fashion,71,1.50329194,Green,XL
87,353,Sweater,Nike,Women's Fashion,78,2.912222167,Blue,M
7,354,Dress,Gucci,Men's Fashion,74,3.864665917,Red,M
59,355,Sweater,Nike,Kids' Fashion,43,2.489550581,Red,XL
93,356,Dress,Zara,Kids' Fashion,68,4.330070804,Black,S
89,357,T-shirt,Adidas,Kids' Fashion,15,3.412001229,Yellow,L
66,358,Shoes,Adidas,Men's Fashion,55,1.174952648,Blue,XL
55,359,Dress,Nike,Kids' Fashion,68,4.449500338,Red,L
42,360,Sweater,H&M,Women's Fashion,24,2.257292487,Black,XL
78,361,Sweater,H&M,Kids' Fashion,62,1.760450534,Blue,XL
22,362,Jeans,Adidas,Men's Fashion,15,1.281293053,Red,S
72,363,Jeans,Nike,Kids' Fashion,33,3.142884987,Yellow,L
60,364,Jeans,Nike,Kids' Fashion,65,2.040456962,Black,M
92,365,T-shirt,Nike,Men's Fashion,16,3.282472037,White,L
7,366,Dress,Nike,Women's Fashion,29,4.153341476,Yellow,L
17,367,Shoes,Nike,Women's Fashion,31,2.710665415,Yellow,S
60,368,Shoes,Nike,Women's Fashion,35,1.541757712,Blue,XL
62,369,Shoes,Nike,Women's Fashion,96,3.795107582,Green,M
75,370,T-shirt,Nike,Kids' Fashion,58,2.634244312,White,S
65,371,Dress,Nike,Women's Fashion,33,1.081098282,White,XL
63,372,Dress,Nike,Men's Fashion,41,1.843919361,White,S
87,373,T-shirt,Adidas,Men's Fashion,63,3.153142823,Green,M
23,374,Jeans,Nike,Men's Fashion,20,1.474025215,Black,S
68,375,Jeans,Zara,Women's Fashion,49,4.268766181,Blue,XL
16,376,Shoes,H&M,Kids' Fashion,22,3.833159814,Green,S
33,377,Shoes,Zara,Women's Fashion,54,3.722545456,Black,L
55,378,T-shirt,Nike,Men's Fashion,45,3.571269953,Red,S
89,379,Jeans,Nike,Women's Fashion,25,3.637552903,White,M
73,380,Dress,Gucci,Women's Fashion,23,1.204175626,Red,XL
32,381,Shoes,H&M,Men's Fashion,23,3.324489276,Green,S
97,382,T-shirt,Gucci,Men's Fashion,93,3.584985286,Yellow,M
32,383,Jeans,H&M,Men's Fashion,86,2.533853796,Black,L
90,384,Sweater,H&M,Kids' Fashion,84,1.461914043,Black,L
74,385,Shoes,Gucci,Women's Fashion,35,3.666720052,Yellow,L
27,386,Dress,Adidas,Women's Fashion,17,3.578353949,Yellow,XL
52,387,Dress,Adidas,Women's Fashion,24,1.169952748,Green,XL
7,388,T-shirt,H&M,Men's Fashion,86,4.11723275,Green,M
51,389,T-shirt,Zara,Women's Fashion,91,1.547099791,White,XL
89,390,Sweater,Adidas,Women's Fashion,86,4.448025482,Green,M
66,391,Dress,Gucci,Women's Fashion,25,3.828184813,Blue,M
73,392,T-shirt,Zara,Men's Fashion,53,2.8148203,White,S
19,393,Shoes,H&M,Men's Fashion,32,1.752218472,Black,M
77,394,T-shirt,Gucci,Men's Fashion,56,3.532018951,Yellow,M
90,395,Shoes,Nike,Women's Fashion,14,2.590749419,Yellow,M
33,396,Shoes,Zara,Men's Fashion,74,2.865913132,Blue,M
100,397,Shoes,Zara,Kids' Fashion,94,1.573943498,White,XL
39,398,T-shirt,H&M,Men's Fashion,16,2.190953332,White,M
36,399,Dress,Adidas,Men's Fashion,37,2.6298403,Yellow,L
95,400,Jeans,H&M,Women's Fashion,91,2.434738189,Green,S
41,401,Jeans,Gucci,Women's Fashion,93,4.63661739,Green,S
10,402,Shoes,H&M,Women's Fashion,30,1.50367936,Yellow,M
83,403,Shoes,Adidas,Men's Fashion,61,3.485748049,Red,S
37,404,Shoes,Adidas,Men's Fashion,71,2.938891562,Green,M
61,405,Jeans,Adidas,Women's Fashion,30,2.679992529,Blue,S
89,406,Shoes,Nike,Men's Fashion,54,1.751391581,Black,L
50,407,Shoes,Nike,Women's Fashion,78,3.582101277,White,XL
54,408,Sweater,H&M,Men's Fashion,62,2.984203036,White,L
28,409,Shoes,Nike,Kids' Fashion,26,2.010899196,Red,S
48,410,Jeans,H&M,Kids' Fashion,64,4.723107548,Green,XL
35,411,Sweater,Nike,Men's Fashion,67,3.263647259,Red,M
66,412,Shoes,Nike,Kids' Fashion,63,3.40240993,Black,XL
18,413,Jeans,Zara,Women's Fashion,21,4.849343339,Green,XL
13,414,Dress,Zara,Kids' Fashion,63,2.175163962,Black,XL
22,415,Jeans,H&M,Kids' Fashion,41,2.728876535,Yellow,L
30,416,Sweater,H&M,Women's Fashion,92,3.251515841,Blue,S
58,417,Shoes,H&M,Women's Fashion,88,2.846891504,Red,S
82,418,Jeans,Zara,Men's Fashion,34,4.986091107,Blue,S
44,419,T-shirt,H&M,Kids' Fashion,72,3.302575649,Yellow,L
79,420,Jeans,Adidas,Men's Fashion,81,4.720487413,White,M
18,421,T-shirt,Nike,Kids' Fashion,89,1.654133332,White,M
79,422,Dress,Nike,Kids' Fashion,20,2.115579785,Blue,S
56,423,Jeans,Adidas,Men's Fashion,83,4.502435021,Black,M
52,424,Shoes,Adidas,Women's Fashion,45,3.055542338,Yellow,M
100,425,Jeans,Nike,Men's Fashion,96,3.812085671,Blue,XL
11,426,Jeans,Zara,Men's Fashion,48,4.644768215,Black,L
8,427,T-shirt,Zara,Kids' Fashion,15,4.717963173,Yellow,XL
80,428,T-shirt,Gucci,Kids' Fashion,34,1.904094939,Green,M
57,429,Shoes,Gucci,Women's Fashion,94,3.828901927,Black,XL
72,430,T-shirt,Nike,Kids' Fashion,92,2.771944721,Black,S
46,431,Jeans,H&M,Kids' Fashion,18,2.621390486,Green,S
7,432,Jeans,H&M,Kids' Fashion,55,2.238621627,Blue,L
10,433,Jeans,H&M,Men's Fashion,59,3.87845411,Yellow,M
44,434,T-shirt,Zara,Kids' Fashion,22,1.705658206,Yellow,M
46,435,T-shirt,Adidas,Men's Fashion,47,2.722706085,Blue,XL
27,436,T-shirt,Zara,Kids' Fashion,99,2.822618311,Black,XL
9,437,Shoes,Gucci,Men's Fashion,96,3.129701671,Green,XL
89,438,T-shirt,Adidas,Kids' Fashion,86,4.685958152,Yellow,XL
71,439,Jeans,Zara,Men's Fashion,20,2.574077979,White,XL
49,440,Dress,Zara,Women's Fashion,83,4.720335238,White,L
47,441,Sweater,Adidas,Men's Fashion,50,1.841605619,Black,XL
88,442,T-shirt,H&M,Men's Fashion,74,3.907727442,Red,S
37,443,Sweater,Gucci,Men's Fashion,11,3.021282847,White,L
84,444,Dress,Nike,Men's Fashion,31,1.564570818,White,XL
38,445,Sweater,H&M,Kids' Fashion,74,4.199138754,Yellow,L
18,446,Shoes,Adidas,Kids' Fashion,91,1.129824851,Black,L
84,447,Shoes,H&M,Kids' Fashion,27,4.730448148,Yellow,XL
75,448,Shoes,Gucci,Kids' Fashion,53,2.144847419,Green,M
5,449,Shoes,H&M,Men's Fashion,82,4.547042542,Black,XL
92,450,Shoes,Nike,Kids' Fashion,59,4.326285345,Black,XL
42,451,T-shirt,Adidas,Kids' Fashion,69,2.978109187,Green,XL
43,452,Jeans,H&M,Kids' Fashion,11,3.702569195,Green,XL
30,453,Shoes,Nike,Men's Fashion,34,2.573801588,Red,S
50,454,Shoes,Zara,Kids' Fashion,47,3.665802584,White,L
58,455,T-shirt,Gucci,Women's Fashion,51,1.290974737,Blue,M
93,456,Shoes,Gucci,Men's Fashion,14,4.435460757,Blue,M
70,457,Jeans,Gucci,Women's Fashion,36,1.595981702,Green,M
20,458,T-shirt,Gucci,Kids' Fashion,18,1.184450033,Black,L
52,459,Dress,Adidas,Kids' Fashion,10,2.342762728,Black,S
39,460,Jeans,H&M,Kids' Fashion,94,2.582289276,Black,L
43,461,Shoes,Zara,Kids' Fashion,93,1.030127034,Red,M
65,462,Dress,Zara,Women's Fashion,34,2.029820364,Yellow,M
24,463,Dress,Adidas,Men's Fashion,25,3.182324449,Blue,M
53,464,Shoes,Zara,Men's Fashion,74,1.362157546,Green,L
1,465,T-shirt,Gucci,Women's Fashion,17,1.202302846,White,M
30,466,Sweater,H&M,Men's Fashion,37,1.064478592,Black,L
13,467,Jeans,Adidas,Women's Fashion,69,1.795343557,Red,L
40,468,Dress,Zara,Women's Fashion,38,1.314761528,White,S
83,469,Dress,Nike,Women's Fashion,95,4.90629582,Yellow,XL
76,470,T-shirt,Adidas,Kids' Fashion,34,4.638343236,Blue,S
38,471,T-shirt,Nike,Women's Fashion,96,2.31929243,Black,M
11,472,Jeans,Adidas,Women's Fashion,67,3.482992748,Green,L
98,473,Dress,Nike,Women's Fashion,51,1.688509535,Red,S
79,474,Dress,H&M,Kids' Fashion,68,1.370661542,Yellow,L
73,475,Sweater,H&M,Men's Fashion,69,4.074193704,Yellow,S
14,476,Shoes,H&M,Women's Fashion,70,4.077371639,White,XL
100,477,Sweater,Nike,Men's Fashion,30,1.559270898,Black,S
77,478,T-shirt,H&M,Women's Fashion,12,1.342996212,Green,L
1,479,Sweater,Nike,Men's Fashion,51,1.197572306,Green,XL
9,480,Dress,Nike,Men's Fashion,70,1.792727108,Blue,XL
52,481,Jeans,Zara,Women's Fashion,24,1.671659401,Blue,XL
85,482,Dress,Gucci,Women's Fashion,97,3.57821856,Yellow,M
86,483,T-shirt,Zara,Women's Fashion,75,2.651376557,Black,XL
92,484,Sweater,Gucci,Men's Fashion,47,2.1247466,Red,XL
54,485,Dress,H&M,Women's Fashion,70,2.638129577,Black,S
69,486,Jeans,Adidas,Women's Fashion,69,1.202709784,Yellow,L
21,487,T-shirt,Adidas,Women's Fashion,62,3.698950312,Blue,XL
30,488,Sweater,H&M,Men's Fashion,81,1.194998349,Yellow,XL
45,489,Dress,Adidas,Men's Fashion,37,3.560668439,Black,M
12,490,T-shirt,Nike,Men's Fashion,41,1.979704402,Green,L
55,491,Dress,Zara,Kids' Fashion,42,3.122132855,Black,M
30,492,Sweater,Zara,Kids' Fashion,69,1.378184911,Blue,M
57,493,Shoes,H&M,Kids' Fashion,88,3.126248293,White,XL
54,494,Sweater,Zara,Kids' Fashion,82,4.680935629,Green,M
14,495,Jeans,Nike,Women's Fashion,78,1.129654007,Blue,S
92,496,T-shirt,Adidas,Kids' Fashion,59,1.72769559,Green,L
88,497,Jeans,Gucci,Women's Fashion,30,3.697727096,Yellow,M
50,498,Dress,Zara,Men's Fashion,59,2.985982414,Yellow,XL
60,499,Dress,Adidas,Kids' Fashion,93,2.601402474,White,L
36,500,Shoes,Zara,Women's Fashion,88,1.70443952,Red,M
20,501,Sweater,Adidas,Kids' Fashion,41,4.322167156,Green,S
61,502,Dress,Zara,Kids' Fashion,33,4.987964321,Blue,M
84,503,Sweater,Adidas,Kids' Fashion,16,4.534499079,White,XL
70,504,Sweater,Zara,Men's Fashion,22,2.096109252,Black,XL
24,505,Dress,Zara,Women's Fashion,75,1.729782149,Black,S
47,506,Shoes,Nike,Women's Fashion,51,3.983456227,Blue,M
37,507,T-shirt,Zara,Women's Fashion,85,4.056667235,White,XL
72,508,Dress,Gucci,Men's Fashion,25,4.459064433,Blue,M
95,509,Dress,Gucci,Men's Fashion,28,1.957709762,Blue,L
9,510,Shoes,Nike,Men's Fashion,60,3.108177745,Green,L
52,511,Jeans,H&M,Kids' Fashion,78,2.930071614,Black,S
71,512,Shoes,Nike,Men's Fashion,92,2.36236785,Blue,S
7,513,Jeans,Zara,Men's Fashion,65,4.061790922,Green,M
27,514,Dress,Adidas,Kids' Fashion,47,3.432789514,White,M
1,515,Dress,Nike,Kids' Fashion,64,3.748936698,White,S
51,516,Shoes,Gucci,Women's Fashion,33,1.604158864,Red,S
29,517,T-shirt,Gucci,Men's Fashion,74,2.848969458,Blue,M
87,518,Sweater,Gucci,Men's Fashion,56,2.580412062,Yellow,S
28,519,Sweater,Adidas,Women's Fashion,29,3.475022401,Blue,XL
8,520,Dress,Zara,Men's Fashion,13,3.070483462,Red,L
90,521,T-shirt,Adidas,Men's Fashion,19,3.256780572,White,M
24,522,Sweater,Adidas,Men's Fashion,80,2.939079723,Yellow,S
82,523,Sweater,Gucci,Women's Fashion,71,1.224769959,Black,S
51,524,T-shirt,Nike,Kids' Fashion,47,1.934450018,Black,S
72,525,T-shirt,Adidas,Kids' Fashion,58,2.443379936,Blue,M
36,526,Jeans,Zara,Women's Fashion,70,2.929688349,Red,L
12,527,T-shirt,Nike,Kids' Fashion,31,4.147790663,Yellow,M
98,528,Shoes,Zara,Men's Fashion,33,2.714762174,Black,M
77,529,Shoes,Gucci,Women's Fashion,59,1.995143535,White,L
7,530,Shoes,Adidas,Kids' Fashion,71,3.356410402,Black,M
50,531,Dress,H&M,Women's Fashion,45,2.893097706,Green,L
32,532,Shoes,Zara,Men's Fashion,21,2.066029254,Blue,L
12,533,Shoes,Nike,Kids' Fashion,11,4.825169004,Green,S
40,534,Dress,Adidas,Kids' Fashion,94,4.508485513,Yellow,M
24,535,Jeans,Nike,Women's Fashion,87,1.204241995,Red,L
82,536,Dress,H&M,Kids' Fashion,18,3.347461074,Yellow,S
41,537,Jeans,Nike,Men's Fashion,68,2.405967071,Red,M
11,538,Dress,Nike,Men's Fashion,94,2.369527546,Blue,M
26,539,T-shirt,Nike,Kids' Fashion,10,3.101623434,Blue,L
26,540,Jeans,H&M,Kids' Fashion,80,1.165614991,Yellow,M
48,541,Jeans,Nike,Women's Fashion,17,2.136926727,Green,S
35,542,Dress,Adidas,Men's Fashion,92,4.022021188,Red,S
15,543,Jeans,Gucci,Men's Fashion,86,4.165312333,Yellow,M
54,544,T-shirt,Nike,Women's Fashion,77,3.556866321,Red,L
68,545,Shoes,Zara,Men's Fashion,82,2.004271238,Red,XL
6,546,Shoes,Zara,Women's Fashion,93,1.356261781,Red,L
6,547,Sweater,H&M,Kids' Fashion,89,2.544323557,Yellow,XL
79,548,Sweater,Zara,Kids' Fashion,65,1.492992563,Red,M
11,549,Dress,Zara,Women's Fashion,96,4.28395114,Blue,XL
57,550,T-shirt,Nike,Men's Fashion,69,2.928257743,Yellow,L
49,551,Jeans,H&M,Women's Fashion,83,4.073676652,Blue,M
2,552,Sweater,Adidas,Kids' Fashion,50,4.480168913,Blue,M
10,553,Shoes,Adidas,Men's Fashion,90,1.19849412,Green,XL
11,554,Sweater,Adidas,Men's Fashion,51,4.096963789,Blue,L
21,555,T-shirt,Adidas,Women's Fashion,67,3.936087109,Blue,L
26,556,T-shirt,H&M,Women's Fashion,39,2.600749076,Red,L
45,557,Shoes,Adidas,Women's Fashion,85,1.502021998,Black,M
2,558,Jeans,Adidas,Women's Fashion,23,2.02668227,Red,XL
6,559,Shoes,Gucci,Women's Fashion,10,4.233459276,Red,XL
31,560,Dress,Adidas,Women's Fashion,99,1.002064069,Red,XL
65,561,Shoes,Zara,Men's Fashion,96,3.968456345,Yellow,M
37,562,T-shirt,Zara,Kids' Fashion,29,4.440105991,Green,L
44,563,Shoes,Adidas,Men's Fashion,39,4.043087203,Blue,XL
70,564,Shoes,Adidas,Kids' Fashion,31,4.56326549,Blue,M
13,565,Sweater,Nike,Kids' Fashion,11,2.592885049,White,L
100,566,Dress,Gucci,Kids' Fashion,80,4.024158908,White,M
27,567,Dress,Zara,Kids' Fashion,96,1.206722946,Black,M
61,568,Sweater,Gucci,Kids' Fashion,20,3.492861271,Red,L
92,569,Dress,Nike,Kids' Fashion,55,4.239391099,Blue,XL
4,570,T-shirt,Adidas,Women's Fashion,54,1.452466382,Black,S
23,571,Jeans,Nike,Men's Fashion,23,2.619218369,Red,M
17,572,Sweater,H&M,Men's Fashion,63,4.051564761,Blue,S
80,573,Shoes,Zara,Kids' Fashion,78,3.401509068,White,L
9,574,Jeans,Gucci,Women's Fashion,92,4.491894014,Black,L
99,575,T-shirt,H&M,Kids' Fashion,72,4.755480008,White,L
76,576,T-shirt,H&M,Women's Fashion,26,3.089887685,White,S
41,577,T-shirt,H&M,Women's Fashion,66,2.160695512,White,M
65,578,Dress,Gucci,Women's Fashion,48,3.121693131,Green,L
26,579,Shoes,Gucci,Women's Fashion,57,4.985949919,White,XL
38,580,Shoes,Adidas,Men's Fashion,92,2.494203848,Green,S
65,581,Sweater,Zara,Men's Fashion,83,4.715188839,Red,L
24,582,Dress,Zara,Men's Fashion,70,2.243103547,White,M
96,583,Dress,H&M,Kids' Fashion,64,4.45499231,Green,L
71,584,T-shirt,Gucci,Women's Fashion,17,2.635500721,Black,S
6,585,Jeans,Adidas,Women's Fashion,68,3.591688841,Yellow,M
38,586,Sweater,Nike,Kids' Fashion,99,2.280076389,Yellow,M
41,587,T-shirt,Adidas,Women's Fashion,50,1.252961727,Blue,XL
46,588,T-shirt,Gucci,Kids' Fashion,24,3.411287732,White,S
71,589,T-shirt,Adidas,Women's Fashion,99,1.024249752,Red,L
56,590,T-shirt,Nike,Kids' Fashion,65,2.429329839,Green,L
61,591,Jeans,Gucci,Women's Fashion,97,2.036236385,White,M
29,592,Jeans,Nike,Kids' Fashion,47,1.759075153,Yellow,M
97,593,Sweater,H&M,Men's Fashion,89,3.145519148,White,S
97,594,Sweater,Nike,Kids' Fashion,86,3.842198105,Yellow,S
53,595,T-shirt,Gucci,Women's Fashion,96,3.633088055,Blue,S
9,596,Dress,H&M,Women's Fashion,35,3.939543888,Black,L
95,597,Jeans,H&M,Men's Fashion,38,3.243975902,Blue,M
79,598,Shoes,Gucci,Women's Fashion,77,1.426440501,Yellow,XL
52,599,T-shirt,H&M,Men's Fashion,80,4.465901208,Green,S
40,600,T-shirt,Adidas,Men's Fashion,97,1.497399016,Yellow,M
80,601,Dress,Adidas,Women's Fashion,44,1.034707249,White,L
7,602,Sweater,Zara,Women's Fashion,11,4.342864389,White,L
26,603,Dress,Zara,Kids' Fashion,13,2.030988403,Black,S
74,604,T-shirt,Gucci,Men's Fashion,10,3.976500694,Yellow,S
92,605,Jeans,Adidas,Women's Fashion,62,2.901295957,Red,S
35,606,Dress,Nike,Women's Fashion,28,4.2147036,White,S
40,607,T-shirt,Nike,Women's Fashion,55,1.178803098,Yellow,S
90,608,T-shirt,H&M,Women's Fashion,51,2.711081219,Blue,M
89,609,Sweater,Adidas,Kids' Fashion,75,4.785525241,Red,S
85,610,Shoes,H&M,Women's Fashion,62,2.532856212,Green,M
2,611,Shoes,Gucci,Kids' Fashion,85,2.032281097,White,L
28,612,Shoes,Zara,Men's Fashion,27,2.269794299,Blue,XL
80,613,Jeans,Gucci,Women's Fashion,37,4.652599022,Black,XL
89,614,Sweater,Gucci,Men's Fashion,47,1.350981011,Green,L
44,615,T-shirt,Nike,Kids' Fashion,67,2.8944503,Red,L
80,616,Dress,Zara,Women's Fashion,98,4.871838867,Red,M
19,617,Jeans,Adidas,Kids' Fashion,77,1.702611669,Black,XL
51,618,Shoes,Gucci,Kids' Fashion,85,4.728247063,Green,L
10,619,T-shirt,Nike,Women's Fashion,97,1.28844434,Blue,M
68,620,Sweater,Nike,Kids' Fashion,37,3.462154378,White,XL
17,621,Shoes,H&M,Men's Fashion,72,2.650083893,Yellow,S
30,622,T-shirt,Nike,Men's Fashion,45,3.784631414,Red,XL
67,623,Shoes,Adidas,Kids' Fashion,62,1.610505131,Green,L
83,624,T-shirt,Nike,Women's Fashion,70,4.450171665,White,L
75,625,Shoes,Adidas,Kids' Fashion,78,3.452532367,Black,L
44,626,Jeans,Adidas,Men's Fashion,29,4.180330342,Yellow,S
61,627,T-shirt,Adidas,Men's Fashion,94,1.871649611,Green,M
93,628,Sweater,Nike,Women's Fashion,64,3.812676437,Red,S
80,629,Shoes,Gucci,Men's Fashion,95,3.579320092,White,M
74,630,T-shirt,Nike,Women's Fashion,84,1.66146129,White,XL
65,631,T-shirt,Zara,Kids' Fashion,32,4.197234004,White,S
64,632,Dress,Zara,Kids' Fashion,66,3.75533768,Yellow,M
73,633,Dress,Nike,Women's Fashion,72,3.751515852,Red,L
9,634,Shoes,Nike,Kids' Fashion,27,1.295296419,Yellow,S
34,635,Jeans,Adidas,Women's Fashion,29,2.235056997,Yellow,XL
10,636,Shoes,Gucci,Kids' Fashion,96,4.602210649,Yellow,L
33,637,Shoes,Zara,Kids' Fashion,55,3.770055015,Green,S
7,638,Sweater,Adidas,Men's Fashion,22,4.905280461,White,M
22,639,Shoes,Zara,Men's Fashion,26,3.552471479,Blue,L
11,640,T-shirt,Zara,Kids' Fashion,72,2.751416671,Red,S
10,641,Shoes,Zara,Kids' Fashion,20,1.985714888,White,M
75,642,T-shirt,Gucci,Kids' Fashion,22,4.965199289,Black,S
63,643,T-shirt,Zara,Kids' Fashion,42,4.62809882,Black,L
64,644,Shoes,H&M,Kids' Fashion,79,1.074566723,White,M
46,645,T-shirt,Zara,Kids' Fashion,98,4.696076856,Black,S
36,646,Sweater,Zara,Men's Fashion,36,2.814233499,Green,M
25,647,Shoes,Adidas,Women's Fashion,60,1.615967237,Black,M
74,648,T-shirt,Gucci,Men's Fashion,20,3.260638818,White,L
82,649,T-shirt,Gucci,Women's Fashion,76,2.441480658,Red,S
22,650,Dress,Gucci,Women's Fashion,99,4.309089575,Green,M
35,651,Shoes,Gucci,Men's Fashion,16,1.005087152,Yellow,XL
8,652,Jeans,Zara,Kids' Fashion,74,1.062507176,Yellow,L
65,653,Dress,Gucci,Kids' Fashion,17,4.811990498,Red,L
34,654,Shoes,Zara,Kids' Fashion,42,4.276502786,Blue,S
6,655,T-shirt,Zara,Men's Fashion,33,1.99931231,Black,S
67,656,Jeans,Nike,Men's Fashion,79,4.660541004,White,M
36,657,Jeans,Nike,Men's Fashion,87,2.097545483,Yellow,L
60,658,Jeans,Adidas,Women's Fashion,40,3.252305172,Green,L
97,659,Shoes,Zara,Women's Fashion,21,1.024989526,White,M
11,660,Dress,Adidas,Kids' Fashion,41,2.689886463,Blue,S
30,661,Jeans,Gucci,Kids' Fashion,71,1.533612141,Blue,XL
4,662,Dress,Nike,Women's Fashion,14,3.456740111,Black,S
17,663,Sweater,Zara,Women's Fashion,52,1.194964203,Black,L
33,664,Shoes,H&M,Kids' Fashion,28,4.464839095,White,L
89,665,T-shirt,H&M,Women's Fashion,25,3.171747047,Red,S
37,666,T-shirt,H&M,Women's Fashion,76,1.938962642,Black,S
49,667,Shoes,Nike,Kids' Fashion,64,1.098235316,Blue,XL
77,668,Shoes,Zara,Men's Fashion,11,1.842278867,White,S
100,669,Shoes,Adidas,Women's Fashion,66,2.929741597,White,L
48,670,T-shirt,Gucci,Men's Fashion,55,4.268877638,Yellow,M
8,671,Dress,Adidas,Women's Fashion,16,3.234874807,Blue,L
31,672,Sweater,Zara,Kids' Fashion,93,2.958262822,Blue,M
79,673,T-shirt,Gucci,Kids' Fashion,83,3.184013143,Yellow,M
2,674,Shoes,Adidas,Kids' Fashion,72,1.947337779,Green,L
11,675,Sweater,Nike,Kids' Fashion,29,1.398131792,Green,XL
25,676,Shoes,Nike,Women's Fashion,11,2.779424045,Black,L
74,677,Shoes,Gucci,Women's Fashion,68,4.565208379,Blue,L
11,678,Dress,H&M,Men's Fashion,85,2.862980933,Black,L
99,679,Jeans,Adidas,Kids' Fashion,19,1.179131481,Yellow,L
5,680,Dress,Nike,Women's Fashion,55,4.049538098,Red,XL
59,681,Shoes,Zara,Kids' Fashion,24,3.809658144,Black,L
13,682,Jeans,Adidas,Women's Fashion,52,4.35132221,Blue,XL
75,683,Jeans,Gucci,Men's Fashion,31,2.410307487,White,XL
31,684,Dress,Adidas,Women's Fashion,12,3.941315472,White,S
37,685,Jeans,Nike,Men's Fashion,19,1.269435005,White,M
9,686,Jeans,H&M,Women's Fashion,75,2.946505642,Green,M
35,687,Sweater,H&M,Kids' Fashion,74,4.17408542,Blue,L
19,688,Sweater,H&M,Kids' Fashion,91,1.373619967,White,XL
5,689,Jeans,H&M,Kids' Fashion,32,3.22134178,Black,L
11,690,Jeans,H&M,Kids' Fashion,34,2.152949486,White,L
38,691,T-shirt,Adidas,Kids' Fashion,13,3.268427817,Blue,XL
91,692,Dress,Nike,Women's Fashion,39,4.705354779,Red,XL
44,693,Shoes,Nike,Men's Fashion,62,2.554303203,Green,L
98,694,T-shirt,Adidas,Kids' Fashion,51,2.050063994,Red,L
45,695,Dress,Zara,Women's Fashion,78,4.734713084,Red,XL
81,696,Sweater,Adidas,Men's Fashion,39,4.592766561,Green,XL
61,697,T-shirt,Nike,Women's Fashion,99,4.804098158,Green,L
82,698,Sweater,Zara,Men's Fashion,85,1.804396765,White,XL
52,699,T-shirt,Adidas,Men's Fashion,50,1.653623132,Green,S
96,700,Dress,H&M,Women's Fashion,78,4.824649275,Yellow,S
34,701,Jeans,Nike,Women's Fashion,17,2.258849245,Blue,XL
46,702,Shoes,Gucci,Kids' Fashion,58,4.794781603,Blue,L
27,703,Shoes,Gucci,Men's Fashion,21,3.425180331,Blue,S
6,704,T-shirt,Adidas,Kids' Fashion,38,4.979678294,Green,M
32,705,Dress,Nike,Kids' Fashion,67,2.196904671,Black,L
91,706,Jeans,Gucci,Women's Fashion,69,1.050046258,Green,S
100,707,Dress,Adidas,Women's Fashion,68,4.295812637,Green,M
17,708,T-shirt,Nike,Kids' Fashion,76,4.448919723,Black,M
57,709,T-shirt,Adidas,Men's Fashion,53,1.683155281,White,XL
50,710,Sweater,Zara,Men's Fashion,58,2.169090131,Red,S
37,711,Jeans,Adidas,Men's Fashion,34,3.483939735,Red,M
76,712,Shoes,Gucci,Kids' Fashion,100,4.610941929,Green,S
25,713,Jeans,Gucci,Men's Fashion,75,4.440120163,Blue,XL
91,714,Shoes,Zara,Men's Fashion,35,2.491495141,White,S
48,715,Shoes,Nike,Women's Fashion,84,4.868671076,Yellow,L
11,716,Shoes,Adidas,Men's Fashion,68,3.928338293,Red,S
8,717,Sweater,Nike,Women's Fashion,34,4.226909223,Yellow,M
73,718,T-shirt,Zara,Women's Fashion,30,1.373331834,White,L
59,719,Dress,H&M,Women's Fashion,34,1.939961599,Blue,M
97,720,Shoes,Adidas,Men's Fashion,27,2.573743469,Black,S
42,721,Shoes,Zara,Kids' Fashion,77,2.206169939,Blue,M
78,722,Dress,Adidas,Women's Fashion,73,3.957991511,Blue,L
55,723,T-shirt,Nike,Men's Fashion,97,1.109084448,White,S
82,724,Shoes,Adidas,Women's Fashion,57,3.165324059,Yellow,S
87,725,Jeans,Gucci,Women's Fashion,12,3.805121226,Black,XL
40,726,T-shirt,Nike,Men's Fashion,10,3.206257442,Red,XL
72,727,Jeans,Adidas,Women's Fashion,11,4.420346267,White,S
95,728,Dress,Zara,Men's Fashion,63,2.409415897,Yellow,S
26,729,Sweater,Gucci,Kids' Fashion,10,2.728688821,Yellow,XL
72,730,Jeans,Zara,Kids' Fashion,68,1.607311682,Green,M
20,731,Sweater,Adidas,Men's Fashion,62,4.898212138,White,XL
48,732,Shoes,Zara,Women's Fashion,28,2.645058812,Blue,S
89,733,Sweater,Adidas,Women's Fashion,75,4.891155555,Black,M
89,734,Dress,Zara,Women's Fashion,80,1.592563595,Blue,XL
65,735,Sweater,H&M,Men's Fashion,28,3.902509392,Yellow,L
11,736,T-shirt,Adidas,Men's Fashion,94,2.761694311,White,L
20,737,T-shirt,Adidas,Kids' Fashion,78,1.126795615,Blue,S
30,738,Jeans,H&M,Men's Fashion,100,1.033843193,Blue,L
24,739,Sweater,Gucci,Kids' Fashion,80,1.230817612,Red,M
68,740,Dress,Nike,Women's Fashion,72,3.691134961,White,XL
49,741,Shoes,Nike,Women's Fashion,81,3.386836818,Blue,XL
54,742,Dress,H&M,Men's Fashion,85,3.462802611,Yellow,L
15,743,Jeans,H&M,Women's Fashion,55,1.729135622,Red,XL
21,744,Shoes,Zara,Men's Fashion,97,2.999073583,Black,XL
73,745,Sweater,Zara,Men's Fashion,40,3.753972994,Blue,L
13,746,Shoes,Gucci,Kids' Fashion,21,1.250641246,Black,S
37,747,Jeans,Adidas,Kids' Fashion,73,1.419739933,White,XL
87,748,Sweater,Zara,Kids' Fashion,45,3.346345375,Red,S
31,749,Shoes,Gucci,Women's Fashion,43,2.386806405,Black,L
71,750,Shoes,Nike,Kids' Fashion,57,3.727593991,Red,L
65,751,Jeans,Gucci,Kids' Fashion,72,2.097525173,Blue,S
14,752,Dress,Gucci,Men's Fashion,72,1.973300966,Blue,L
17,753,Jeans,Zara,Kids' Fashion,86,4.209098217,Yellow,S
63,754,Jeans,Gucci,Kids' Fashion,79,1.893823744,Red,L
99,755,T-shirt,Zara,Women's Fashion,90,3.46720994,White,S
37,756,Jeans,Adidas,Men's Fashion,34,1.669924032,Black,XL
66,757,Shoes,Gucci,Kids' Fashion,61,4.188203485,Black,L
32,758,Jeans,Nike,Women's Fashion,51,4.222293806,Green,M
39,759,Shoes,Gucci,Kids' Fashion,65,1.829285875,Black,S
35,760,Jeans,Nike,Women's Fashion,57,3.458410207,Green,S
86,761,Dress,H&M,Men's Fashion,92,3.643455854,Black,L
8,762,Jeans,Nike,Kids' Fashion,50,3.804358644,Blue,XL
71,763,T-shirt,Nike,Men's Fashion,25,2.085546642,Green,S
10,764,Dress,H&M,Women's Fashion,30,2.061492073,Black,M
25,765,Sweater,H&M,Kids' Fashion,86,4.826714567,Blue,S
25,766,Jeans,Zara,Men's Fashion,40,4.461908067,Green,M
83,767,Shoes,H&M,Men's Fashion,72,4.63013782,Yellow,L
12,768,Shoes,H&M,Women's Fashion,95,4.599817817,White,M
71,769,Sweater,Zara,Men's Fashion,28,4.476172222,White,S
93,770,T-shirt,H&M,Kids' Fashion,14,4.680516842,Yellow,S
71,771,T-shirt,Zara,Men's Fashion,82,1.565842609,Red,XL
34,772,Shoes,Gucci,Men's Fashion,24,4.773680199,Black,XL
70,773,Shoes,Nike,Women's Fashion,74,2.504876163,Black,XL
74,774,Dress,H&M,Men's Fashion,94,2.977355256,White,L
39,775,Dress,H&M,Men's Fashion,60,3.201146073,White,M
73,776,Dress,Nike,Men's Fashion,86,2.219384304,Red,M
40,777,Jeans,Adidas,Kids' Fashion,88,1.798129096,Green,M
25,778,Dress,Nike,Kids' Fashion,80,3.975467678,White,L
98,779,Jeans,Nike,Kids' Fashion,94,3.726035874,Yellow,XL
46,780,T-shirt,Gucci,Kids' Fashion,89,1.721478784,Blue,XL
83,781,Sweater,Nike,Men's Fashion,85,4.828402785,Green,L
23,782,T-shirt,Adidas,Men's Fashion,31,1.94808694,White,M
76,783,Jeans,H&M,Women's Fashion,59,2.197254325,Red,S
95,784,Sweater,Zara,Men's Fashion,46,3.073906222,White,M
77,785,T-shirt,H&M,Men's Fashion,57,1.269834028,Red,S
65,786,T-shirt,H&M,Kids' Fashion,73,3.958356668,White,L
91,787,Dress,H&M,Women's Fashion,96,3.25514699,Blue,XL
34,788,Jeans,Adidas,Kids' Fashion,74,3.143872925,Red,S
22,789,Jeans,Nike,Women's Fashion,99,2.514204912,Yellow,XL
31,790,Shoes,Adidas,Men's Fashion,34,1.09856738,Red,S
73,791,Jeans,Gucci,Women's Fashion,58,3.648417121,Green,L
88,792,Sweater,Adidas,Kids' Fashion,88,4.645175947,Yellow,XL
28,793,T-shirt,Zara,Kids' Fashion,82,1.320470072,Black,XL
9,794,Jeans,H&M,Women's Fashion,68,4.293960351,Black,M
2,795,Jeans,Gucci,Kids' Fashion,30,1.481966572,Black,S
3,796,Jeans,H&M,Women's Fashion,86,1.85639746,Black,M
68,797,Sweater,H&M,Kids' Fashion,62,1.117533504,Red,XL
28,798,Jeans,H&M,Kids' Fashion,75,1.796726721,Blue,M
48,799,Shoes,Adidas,Men's Fashion,20,2.327887123,Yellow,XL
61,800,T-shirt,H&M,Men's Fashion,38,4.782806322,Red,S
33,801,Jeans,Zara,Men's Fashion,39,3.513026866,Black,XL
66,802,Shoes,Gucci,Men's Fashion,26,2.642952863,Green,XL
56,803,Sweater,Nike,Men's Fashion,13,1.615425214,Blue,XL
66,804,T-shirt,Zara,Kids' Fashion,91,2.630726641,Black,M
53,805,Dress,H&M,Men's Fashion,84,3.389745863,Blue,XL
100,806,Jeans,Zara,Women's Fashion,11,3.778630527,Green,L
74,807,Jeans,Zara,Men's Fashion,31,2.003227449,Blue,S
20,808,T-shirt,Adidas,Women's Fashion,26,4.324805159,Yellow,L
5,809,Jeans,Adidas,Men's Fashion,22,3.142595278,White,XL
31,810,Jeans,Zara,Kids' Fashion,39,1.066913371,Black,M
9,811,Jeans,Gucci,Kids' Fashion,63,1.843096781,White,M
9,812,Dress,Nike,Women's Fashion,23,1.176733499,Blue,M
42,813,Sweater,Zara,Men's Fashion,97,3.05083263,Blue,M
62,814,Sweater,Zara,Women's Fashion,48,2.795980171,Yellow,XL
78,815,Sweater,Zara,Women's Fashion,16,3.127369464,Black,S
24,816,Jeans,Nike,Kids' Fashion,86,1.090838624,Blue,XL
51,817,T-shirt,Adidas,Kids' Fashion,15,1.160500672,Black,XL
42,818,Dress,Nike,Women's Fashion,36,4.022938202,Blue,L
45,819,T-shirt,Zara,Men's Fashion,41,3.443916707,White,XL
91,820,T-shirt,Nike,Women's Fashion,49,3.15966154,White,L
65,821,Dress,H&M,Women's Fashion,30,3.637743931,Blue,XL
75,822,T-shirt,Gucci,Kids' Fashion,48,4.743995466,Green,XL
65,823,T-shirt,H&M,Kids' Fashion,77,2.88300725,White,L
3,824,Shoes,Zara,Women's Fashion,17,1.080282827,White,L
32,825,T-shirt,Zara,Men's Fashion,12,1.851395713,White,M
35,826,Shoes,Adidas,Women's Fashion,92,4.775265823,Red,S
13,827,Shoes,Nike,Women's Fashion,92,1.780308671,Red,XL
94,828,Sweater,H&M,Women's Fashion,29,4.401707974,Green,S
18,829,Dress,Adidas,Men's Fashion,19,4.257084648,Black,XL
94,830,Jeans,Gucci,Kids' Fashion,54,3.729791859,Green,S
19,831,Jeans,Gucci,Kids' Fashion,37,2.548301229,Black,S
96,832,Jeans,Nike,Women's Fashion,87,2.357340748,Blue,L
70,833,Sweater,H&M,Kids' Fashion,82,1.100055884,Yellow,L
99,834,Shoes,H&M,Women's Fashion,98,3.776324762,Yellow,S
15,835,T-shirt,Nike,Kids' Fashion,84,2.891092635,Yellow,XL
93,836,Jeans,Gucci,Women's Fashion,21,4.24899806,White,L
59,837,Shoes,Nike,Kids' Fashion,50,2.406013134,Black,M
33,838,Jeans,Zara,Men's Fashion,60,2.677289107,Blue,S
26,839,Dress,Nike,Kids' Fashion,68,2.655170363,Blue,S
73,840,Shoes,Zara,Kids' Fashion,84,3.154720588,Red,S
56,841,Dress,Zara,Men's Fashion,37,3.005164208,Blue,M
59,842,Jeans,Adidas,Men's Fashion,44,3.062273281,White,XL
52,843,Shoes,Nike,Kids' Fashion,91,2.723012964,Red,M
1,844,Sweater,Zara,Kids' Fashion,11,2.885109374,Blue,M
66,845,Sweater,Gucci,Men's Fashion,92,2.102424601,Green,M
82,846,T-shirt,Nike,Kids' Fashion,26,4.304919134,Yellow,M
88,847,T-shirt,Gucci,Women's Fashion,10,1.37498193,Green,S
78,848,Shoes,Nike,Kids' Fashion,31,3.763596385,White,L
14,849,Dress,Nike,Kids' Fashion,60,3.642990691,Green,S
2,850,T-shirt,Nike,Kids' Fashion,73,1.270582725,Yellow,L
24,851,Jeans,Nike,Men's Fashion,46,2.685204468,Yellow,XL
38,852,Jeans,H&M,Kids' Fashion,83,3.011248497,Red,XL
5,853,Dress,H&M,Kids' Fashion,20,3.009772948,Green,L
72,854,T-shirt,Adidas,Kids' Fashion,83,3.709391012,Green,M
96,855,Jeans,H&M,Kids' Fashion,88,1.902236722,Red,L
55,856,Jeans,Gucci,Women's Fashion,93,1.801034634,Green,XL
37,857,Dress,H&M,Men's Fashion,93,4.350896543,Blue,M
64,858,T-shirt,Zara,Kids' Fashion,96,4.451841229,Yellow,M
48,859,T-shirt,Adidas,Women's Fashion,44,1.400216676,Red,L
75,860,Dress,Nike,Kids' Fashion,43,4.027847422,Blue,S
60,861,Shoes,Gucci,Men's Fashion,98,4.660135925,White,XL
61,862,Sweater,Adidas,Kids' Fashion,14,1.578920563,Blue,S
49,863,Shoes,Gucci,Men's Fashion,99,1.433025224,Red,S
22,864,Sweater,Nike,Men's Fashion,48,3.940945968,Yellow,L
54,865,Jeans,Gucci,Women's Fashion,80,1.672864993,Yellow,M
89,866,Shoes,H&M,Men's Fashion,66,4.550095006,White,S
3,867,Jeans,Nike,Men's Fashion,90,4.23510887,Black,S
84,868,Sweater,Gucci,Kids' Fashion,72,3.929471959,Red,L
98,869,Jeans,Zara,Men's Fashion,100,1.839078605,Black,XL
100,870,Jeans,Nike,Kids' Fashion,26,2.708009138,Yellow,S
56,871,Shoes,H&M,Men's Fashion,66,2.622370915,White,XL
94,872,Jeans,H&M,Women's Fashion,96,4.646393154,Black,M
16,873,T-shirt,Gucci,Kids' Fashion,27,3.33871116,Red,L
54,874,Dress,Gucci,Kids' Fashion,45,4.163516573,Yellow,XL
74,875,Jeans,Adidas,Kids' Fashion,52,3.275055379,Black,L
26,876,Dress,Nike,Kids' Fashion,82,1.298168634,Green,M
92,877,Sweater,Zara,Women's Fashion,29,4.500430873,Red,L
34,878,Sweater,Nike,Women's Fashion,59,4.02396113,Yellow,XL
1,879,T-shirt,Nike,Kids' Fashion,67,4.301461671,Red,S
18,880,Sweater,Zara,Kids' Fashion,48,1.937806814,White,L
25,881,Shoes,H&M,Men's Fashion,20,2.763920221,Red,XL
35,882,Sweater,Gucci,Women's Fashion,57,2.414504767,Yellow,XL
73,883,Shoes,Nike,Kids' Fashion,49,1.933797663,Yellow,L
94,884,Dress,Zara,Men's Fashion,51,2.894494254,Green,L
90,885,T-shirt,Zara,Kids' Fashion,94,3.031971532,White,XL
38,886,Dress,Gucci,Men's Fashion,27,3.416143046,Blue,M
79,887,Sweater,Adidas,Men's Fashion,88,3.645241825,Blue,XL
39,888,Sweater,Gucci,Kids' Fashion,73,4.95344589,Blue,S
60,889,Shoes,Adidas,Kids' Fashion,25,4.59601947,Yellow,XL
67,890,T-shirt,H&M,Men's Fashion,42,1.041106324,Black,M
32,891,Dress,H&M,Women's Fashion,84,1.444006996,White,XL
63,892,T-shirt,Adidas,Women's Fashion,62,3.942359066,Blue,M
98,893,Shoes,H&M,Kids' Fashion,76,2.072747672,Red,S
22,894,Shoes,Adidas,Men's Fashion,37,1.411357396,Black,S
89,895,Jeans,Gucci,Women's Fashion,88,2.104328277,Yellow,L
41,896,Jeans,Gucci,Men's Fashion,80,4.369727157,Black,S
84,897,Jeans,H&M,Women's Fashion,22,3.816709538,White,S
98,898,Dress,Nike,Women's Fashion,44,4.210620205,Green,M
83,899,Shoes,Gucci,Men's Fashion,85,2.401789778,Red,XL
94,900,T-shirt,Nike,Men's Fashion,91,1.608144765,Blue,XL
44,901,Jeans,Zara,Men's Fashion,41,4.640523706,Red,XL
91,902,Shoes,Gucci,Women's Fashion,40,3.187460265,Black,XL
27,903,Sweater,Nike,Women's Fashion,99,2.190807735,Yellow,M
80,904,Sweater,Zara,Women's Fashion,27,1.766195134,Yellow,M
87,905,Jeans,Nike,Women's Fashion,83,1.050332468,Red,XL
5,906,Shoes,Nike,Kids' Fashion,23,2.547022476,Yellow,M
38,907,T-shirt,Adidas,Men's Fashion,27,1.573352781,Yellow,L
32,908,Shoes,Zara,Kids' Fashion,36,3.194487396,White,M
80,909,Jeans,Nike,Women's Fashion,32,3.325650558,Green,XL
45,910,Sweater,Adidas,Kids' Fashion,34,1.202652212,Green,S
63,911,Jeans,Nike,Kids' Fashion,89,2.09992246,White,S
40,912,Dress,Adidas,Men's Fashion,22,3.287389527,Blue,L
25,913,Shoes,Gucci,Kids' Fashion,56,3.96900792,Black,S
11,914,T-shirt,H&M,Kids' Fashion,46,4.057433316,Red,L
14,915,Shoes,Adidas,Kids' Fashion,35,2.930754718,White,M
89,916,Sweater,Nike,Men's Fashion,91,3.456679608,Black,M
8,917,Jeans,Zara,Men's Fashion,23,2.835769687,Red,M
76,918,Shoes,H&M,Kids' Fashion,73,3.803150908,Red,XL
83,919,Shoes,Adidas,Women's Fashion,96,3.356797624,Red,S
21,920,T-shirt,Gucci,Women's Fashion,95,3.804940641,Red,M
13,921,Jeans,Gucci,Men's Fashion,24,2.916489594,Green,S
81,922,Jeans,Gucci,Men's Fashion,45,4.575139767,Green,L
13,923,Sweater,Zara,Men's Fashion,79,2.829893583,White,L
92,924,Sweater,Nike,Men's Fashion,80,3.703265445,Black,M
40,925,Sweater,H&M,Women's Fashion,69,3.283881049,Blue,S
37,926,Dress,Zara,Women's Fashion,73,2.190376484,Blue,L
29,927,T-shirt,Adidas,Men's Fashion,71,4.946757548,White,XL
37,928,Sweater,Adidas,Kids' Fashion,10,4.585559724,Black,L
64,929,Shoes,Gucci,Kids' Fashion,33,3.989968345,Blue,S
49,930,T-shirt,Adidas,Women's Fashion,31,3.012986786,White,M
19,931,Dress,Zara,Kids' Fashion,73,3.85576932,Blue,XL
64,932,Jeans,H&M,Kids' Fashion,68,2.563700693,Yellow,L
16,933,Sweater,Adidas,Kids' Fashion,76,3.391888262,Blue,L
98,934,T-shirt,Nike,Women's Fashion,82,2.636831887,Green,XL
77,935,Sweater,Adidas,Men's Fashion,60,1.883630519,Black,S
72,936,Sweater,Gucci,Men's Fashion,33,1.881446925,White,M
80,937,T-shirt,Gucci,Men's Fashion,38,1.123239786,Red,S
30,938,T-shirt,Gucci,Kids' Fashion,100,3.217890048,Blue,S
81,939,Jeans,H&M,Men's Fashion,93,4.945684191,White,M
63,940,T-shirt,Gucci,Kids' Fashion,77,3.721576137,White,XL
24,941,Jeans,Zara,Men's Fashion,70,1.659599166,White,XL
60,942,Shoes,Adidas,Men's Fashion,49,1.968877422,Green,L
37,943,Jeans,Gucci,Kids' Fashion,71,4.056119883,Blue,L
65,944,Sweater,H&M,Kids' Fashion,49,3.077371474,Black,S
72,945,Jeans,Gucci,Kids' Fashion,58,2.013072552,Red,L
78,946,Sweater,H&M,Women's Fashion,15,1.668270797,Red,S
1,947,T-shirt,Zara,Kids' Fashion,48,3.155635638,White,S
37,948,Sweater,Gucci,Women's Fashion,83,3.551765705,Yellow,XL
4,949,T-shirt,Zara,Kids' Fashion,96,4.472837069,Green,M
4,950,T-shirt,Zara,Men's Fashion,86,1.706311201,Green,L
61,951,Sweater,Nike,Kids' Fashion,62,2.948747206,Black,L
17,952,Dress,Zara,Women's Fashion,60,2.554289247,Black,L
88,953,Jeans,Nike,Kids' Fashion,19,1.541984698,Blue,L
61,954,T-shirt,Gucci,Women's Fashion,74,2.802296653,Green,L
81,955,Jeans,Nike,Kids' Fashion,64,1.797722997,White,XL
39,956,Sweater,H&M,Men's Fashion,88,3.912168792,Black,M
2,957,Jeans,Nike,Men's Fashion,57,4.928868618,White,L
46,958,Shoes,Adidas,Men's Fashion,16,2.204637506,Green,M
100,959,Sweater,H&M,Kids' Fashion,45,2.565573143,Yellow,XL
94,960,Jeans,Gucci,Men's Fashion,50,4.139661022,Red,M
62,961,Jeans,Nike,Women's Fashion,40,1.730071279,White,L
4,962,Shoes,Adidas,Women's Fashion,97,2.608358765,Green,L
85,963,Shoes,H&M,Men's Fashion,21,4.284576209,Black,XL
1,964,Dress,Nike,Women's Fashion,31,4.541801543,White,S
21,965,Sweater,Nike,Men's Fashion,55,3.504891539,Yellow,S
6,966,Jeans,Gucci,Kids' Fashion,66,4.865912995,Black,S
92,967,Shoes,Gucci,Kids' Fashion,85,4.003376677,Blue,M
84,968,Sweater,Gucci,Kids' Fashion,46,1.339532012,Black,S
12,969,T-shirt,Gucci,Kids' Fashion,26,2.308312119,Red,L
78,970,Sweater,H&M,Kids' Fashion,19,4.97683245,White,L
82,971,Shoes,H&M,Men's Fashion,45,3.375717766,Green,XL
84,972,Jeans,Gucci,Men's Fashion,14,4.783297803,White,XL
4,973,Jeans,H&M,Kids' Fashion,20,3.740671233,Red,L
56,974,Shoes,Gucci,Kids' Fashion,72,3.100457611,Black,XL
46,975,Dress,Zara,Men's Fashion,19,3.101054267,Black,L
82,976,Dress,Nike,Kids' Fashion,42,1.53547692,White,M
4,977,T-shirt,Nike,Men's Fashion,91,4.040697716,Red,XL
23,978,T-shirt,Zara,Men's Fashion,98,4.176305464,Black,M
77,979,T-shirt,Nike,Men's Fashion,96,1.893288846,Blue,S
28,980,T-shirt,H&M,Kids' Fashion,50,4.812332539,Blue,XL
35,981,Shoes,Nike,Women's Fashion,97,3.444967623,White,XL
50,982,Jeans,Nike,Kids' Fashion,11,4.038688935,Green,S
94,983,Dress,Zara,Men's Fashion,50,4.457362282,Red,XL
70,984,Dress,Gucci,Men's Fashion,64,2.906020182,Green,XL
57,985,T-shirt,H&M,Women's Fashion,36,2.512345782,Green,S
1,986,Shoes,Gucci,Men's Fashion,11,4.614652816,Blue,M
77,987,Shoes,H&M,Women's Fashion,42,3.249077163,Red,M
80,988,T-shirt,H&M,Men's Fashion,56,2.573964548,Blue,XL
67,989,T-shirt,Adidas,Men's Fashion,78,4.715256874,Black,S
51,990,T-shirt,Gucci,Men's Fashion,16,3.39256674,Yellow,S
60,991,Shoes,Nike,Kids' Fashion,25,4.972677491,Red,L
42,992,T-shirt,Gucci,Women's Fashion,91,4.922173019,Black,M
89,993,Shoes,H&M,Women's Fashion,33,4.000541836,Yellow,S
59,994,Sweater,H&M,Men's Fashion,89,4.44083287,Green,L
34,995,Sweater,Adidas,Kids' Fashion,58,4.395111619,Red,S
20,996,Shoes,Zara,Women's Fashion,55,1.620080592,Black,M
42,997,Sweater,Nike,Kids' Fashion,13,1.544463934,Green,L
9,998,Sweater,Zara,Men's Fashion,47,3.961913076,White,L
8,999,T-shirt,Zara,Women's Fashion,68,3.089721518,Blue,S
91,1000,Shoes,Adidas,Women's Fashion,79,3.093552988,White,L
